cell_id	donor_id	cluster
D1_C0001	D1	C1
D1_C0002	D1	C1
D1_C0003	D1	C1
D1_C0004	D1	C1
D1_C0005	D1	C1
D1_C0006	D1	C1
D1_C0007	D1	C1
D1_C0008	D1	C1
D1_C0009	D1	C1
D1_C0010	D1	C1
D1_C0011	D1	C1
D1_C0012	D1	C1
D1_C0013	D1	C1
D1_C0014	D1	C1
D1_C0015	D1	C1
D1_C0016	D1	C1
D1_C0017	D1	C1
D1_C0018	D1	C1
D1_C0019	D1	C1
D1_C0020	D1	C1
D1_C0021	D1	C2
D1_C0022	D1	C2
D1_C0023	D1	C2
D1_C0024	D1	C2
D1_C0025	D1	C2
D1_C0026	D1	C2
D1_C0027	D1	C2
D1_C0028	D1	C2
D1_C0029	D1	C2
D1_C0030	D1	C2
D1_C0031	D1	C2
D1_C0032	D1	C2
D1_C0033	D1	C2
D1_C0034	D1	C2
D1_C0035	D1	C2
D1_C0036	D1	C2
D1_C0037	D1	C2
D1_C0038	D1	C2
D1_C0039	D1	C2
D1_C0040	D1	C2
D1_C0041	D1	C2
D1_C0042	D1	C2
D1_C0043	D1	C2
D1_C0044	D1	C2
D1_C0045	D1	C2
D1_C0046	D1	C2
D1_C0047	D1	C2
D1_C0048	D1	C2
D1_C0049	D1	C2
D1_C0050	D1	C2
D1_C0051	D1	C2
D1_C0052	D1	C2
D1_C0053	D1	C2
D1_C0054	D1	C2
D1_C0055	D1	C2
D1_C0056	D1	C2
D1_C0057	D1	C2
D1_C0058	D1	C2
D1_C0059	D1	C2
D1_C0060	D1	C2
D1_C0061	D1	C2
D1_C0062	D1	C2
D1_C0063	D1	C2
D1_C0064	D1	C2
D1_C0065	D1	C2
D1_C0066	D1	C2
D1_C0067	D1	C2
D1_C0068	D1	C2
D1_C0069	D1	C2
D1_C0070	D1	C2
D1_C0071	D1	C2
D1_C0072	D1	C2
D1_C0073	D1	C2
D1_C0074	D1	C2
D1_C0075	D1	C2
D1_C0076	D1	C2
D1_C0077	D1	C2
D1_C0078	D1	C2
D1_C0079	D1	C2
D1_C0080	D1	C2
D1_C0081	D1	C2
D1_C0082	D1	C2
D1_C0083	D1	C2
D1_C0084	D1	C2
D1_C0085	D1	C2
D1_C0086	D1	C2
D1_C0087	D1	C2
D1_C0088	D1	C2
D1_C0089	D1	C2
D1_C0090	D1	C2
D1_C0091	D1	C2
D1_C0092	D1	C2
D1_C0093	D1	C2
D1_C0094	D1	C2
D1_C0095	D1	C2
D1_C0096	D1	C2
D1_C0097	D1	C2
D1_C0098	D1	C2
D1_C0099	D1	C2
D1_C0100	D1	C2
D2_C0001	D2	C1
D2_C0002	D2	C1
D2_C0003	D2	C1
D2_C0004	D2	C1
D2_C0005	D2	C1
D2_C0006	D2	C1
D2_C0007	D2	C1
D2_C0008	D2	C1
D2_C0009	D2	C1
D2_C0010	D2	C1
D2_C0011	D2	C1
D2_C0012	D2	C1
D2_C0013	D2	C1
D2_C0014	D2	C1
D2_C0015	D2	C1
D2_C0016	D2	C1
D2_C0017	D2	C1
D2_C0018	D2	C1
D2_C0019	D2	C1
D2_C0020	D2	C1
D2_C0021	D2	C1
D2_C0022	D2	C1
D2_C0023	D2	C1
D2_C0024	D2	C1
D2_C0025	D2	C1
D2_C0026	D2	C1
D2_C0027	D2	C1
D2_C0028	D2	C1
D2_C0029	D2	C1
D2_C0030	D2	C1
D2_C0031	D2	C1
D2_C0032	D2	C1
D2_C0033	D2	C1
D2_C0034	D2	C1
D2_C0035	D2	C1
D2_C0036	D2	C1
D2_C0037	D2	C1
D2_C0038	D2	C1
D2_C0039	D2	C1
D2_C0040	D2	C1
D2_C0041	D2	C1
D2_C0042	D2	C1
D2_C0043	D2	C1
D2_C0044	D2	C1
D2_C0045	D2	C1
D2_C0046	D2	C1
D2_C0047	D2	C1
D2_C0048	D2	C1
D2_C0049	D2	C1
D2_C0050	D2	C1
D2_C0051	D2	C1
D2_C0052	D2	C1
D2_C0053	D2	C1
D2_C0054	D2	C1
D2_C0055	D2	C1
D2_C0056	D2	C1
D2_C0057	D2	C1
D2_C0058	D2	C1
D2_C0059	D2	C1
D2_C0060	D2	C1
D2_C0061	D2	C1
D2_C0062	D2	C1
D2_C0063	D2	C1
D2_C0064	D2	C1
D2_C0065	D2	C1
D2_C0066	D2	C1
D2_C0067	D2	C1
D2_C0068	D2	C1
D2_C0069	D2	C1
D2_C0070	D2	C1
D2_C0071	D2	C1
D2_C0072	D2	C1
D2_C0073	D2	C1
D2_C0074	D2	C1
D2_C0075	D2	C1
D2_C0076	D2	C1
D2_C0077	D2	C1
D2_C0078	D2	C1
D2_C0079	D2	C1
D2_C0080	D2	C1
D2_C0081	D2	C1
D2_C0082	D2	C1
D2_C0083	D2	C1
D2_C0084	D2	C1
D2_C0085	D2	C1
D2_C0086	D2	C1
D2_C0087	D2	C1
D2_C0088	D2	C1
D2_C0089	D2	C1
D2_C0090	D2	C1
D2_C0091	D2	C1
D2_C0092	D2	C1
D2_C0093	D2	C1
D2_C0094	D2	C1
D2_C0095	D2	C1
D2_C0096	D2	C1
D2_C0097	D2	C1
D2_C0098	D2	C1
D2_C0099	D2	C1
D2_C0100	D2	C1
D2_C0101	D2	C1
D2_C0102	D2	C1
D2_C0103	D2	C1
D2_C0104	D2	C1
D2_C0105	D2	C1
D2_C0106	D2	C1
D2_C0107	D2	C1
D2_C0108	D2	C1
D2_C0109	D2	C1
D2_C0110	D2	C1
D2_C0111	D2	C1
D2_C0112	D2	C1
D2_C0113	D2	C1
D2_C0114	D2	C1
D2_C0115	D2	C1
D2_C0116	D2	C1
D2_C0117	D2	C1
D2_C0118	D2	C1
D2_C0119	D2	C1
D2_C0120	D2	C1
D2_C0121	D2	C1
D2_C0122	D2	C1
D2_C0123	D2	C1
D2_C0124	D2	C1
D2_C0125	D2	C1
D2_C0126	D2	C1
D2_C0127	D2	C1
D2_C0128	D2	C1
D2_C0129	D2	C1
D2_C0130	D2	C1
D2_C0131	D2	C1
D2_C0132	D2	C1
D2_C0133	D2	C1
D2_C0134	D2	C1
D2_C0135	D2	C1
D2_C0136	D2	C1
D2_C0137	D2	C1
D2_C0138	D2	C1
D2_C0139	D2	C1
D2_C0140	D2	C1
D2_C0141	D2	C1
D2_C0142	D2	C1
D2_C0143	D2	C1
D2_C0144	D2	C1
D2_C0145	D2	C1
D2_C0146	D2	C1
D2_C0147	D2	C1
D2_C0148	D2	C1
D2_C0149	D2	C1
D2_C0150	D2	C1
D2_C0151	D2	C1
D2_C0152	D2	C1
D2_C0153	D2	C1
D2_C0154	D2	C1
D2_C0155	D2	C1
D2_C0156	D2	C1
D2_C0157	D2	C1
D2_C0158	D2	C1
D2_C0159	D2	C1
D2_C0160	D2	C1
D2_C0161	D2	C1
D2_C0162	D2	C1
D2_C0163	D2	C1
D2_C0164	D2	C1
D2_C0165	D2	C1
D2_C0166	D2	C1
D2_C0167	D2	C1
D2_C0168	D2	C1
D2_C0169	D2	C1
D2_C0170	D2	C1
D2_C0171	D2	C1
D2_C0172	D2	C1
D2_C0173	D2	C1
D2_C0174	D2	C1
D2_C0175	D2	C1
D2_C0176	D2	C1
D2_C0177	D2	C1
D2_C0178	D2	C1
D2_C0179	D2	C1
D2_C0180	D2	C1
D2_C0181	D2	C1
D2_C0182	D2	C1
D2_C0183	D2	C1
D2_C0184	D2	C1
D2_C0185	D2	C1
D2_C0186	D2	C1
D2_C0187	D2	C1
D2_C0188	D2	C1
D2_C0189	D2	C1
D2_C0190	D2	C1
D2_C0191	D2	C1
D2_C0192	D2	C1
D2_C0193	D2	C1
D2_C0194	D2	C1
D2_C0195	D2	C1
D2_C0196	D2	C1
D2_C0197	D2	C1
D2_C0198	D2	C1
D2_C0199	D2	C1
D2_C0200	D2	C1
D2_C0201	D2	C1
D2_C0202	D2	C1
D2_C0203	D2	C1
D2_C0204	D2	C1
D2_C0205	D2	C1
D2_C0206	D2	C1
D2_C0207	D2	C1
D2_C0208	D2	C1
D2_C0209	D2	C1
D2_C0210	D2	C1
D2_C0211	D2	C1
D2_C0212	D2	C1
D2_C0213	D2	C1
D2_C0214	D2	C1
D2_C0215	D2	C1
D2_C0216	D2	C1
D2_C0217	D2	C1
D2_C0218	D2	C1
D2_C0219	D2	C1
D2_C0220	D2	C1
D2_C0221	D2	C1
D2_C0222	D2	C1
D2_C0223	D2	C1
D2_C0224	D2	C1
D2_C0225	D2	C1
D2_C0226	D2	C1
D2_C0227	D2	C1
D2_C0228	D2	C1
D2_C0229	D2	C1
D2_C0230	D2	C1
D2_C0231	D2	C1
D2_C0232	D2	C1
D2_C0233	D2	C1
D2_C0234	D2	C1
D2_C0235	D2	C1
D2_C0236	D2	C1
D2_C0237	D2	C1
D2_C0238	D2	C1
D2_C0239	D2	C1
D2_C0240	D2	C1
D2_C0241	D2	C1
D2_C0242	D2	C1
D2_C0243	D2	C1
D2_C0244	D2	C1
D2_C0245	D2	C1
D2_C0246	D2	C1
D2_C0247	D2	C1
D2_C0248	D2	C1
D2_C0249	D2	C1
D2_C0250	D2	C1
D2_C0251	D2	C1
D2_C0252	D2	C1
D2_C0253	D2	C1
D2_C0254	D2	C1
D2_C0255	D2	C1
D2_C0256	D2	C1
D2_C0257	D2	C1
D2_C0258	D2	C1
D2_C0259	D2	C1
D2_C0260	D2	C1
D2_C0261	D2	C1
D2_C0262	D2	C1
D2_C0263	D2	C1
D2_C0264	D2	C1
D2_C0265	D2	C1
D2_C0266	D2	C1
D2_C0267	D2	C1
D2_C0268	D2	C1
D2_C0269	D2	C1
D2_C0270	D2	C1
D2_C0271	D2	C1
D2_C0272	D2	C1
D2_C0273	D2	C1
D2_C0274	D2	C1
D2_C0275	D2	C1
D2_C0276	D2	C1
D2_C0277	D2	C1
D2_C0278	D2	C1
D2_C0279	D2	C1
D2_C0280	D2	C1
D2_C0281	D2	C1
D2_C0282	D2	C1
D2_C0283	D2	C1
D2_C0284	D2	C1
D2_C0285	D2	C1
D2_C0286	D2	C1
D2_C0287	D2	C1
D2_C0288	D2	C1
D2_C0289	D2	C1
D2_C0290	D2	C1
D2_C0291	D2	C1
D2_C0292	D2	C1
D2_C0293	D2	C1
D2_C0294	D2	C1
D2_C0295	D2	C1
D2_C0296	D2	C1
D2_C0297	D2	C1
D2_C0298	D2	C1
D2_C0299	D2	C1
D2_C0300	D2	C1
D2_C0301	D2	C1
D2_C0302	D2	C1
D2_C0303	D2	C1
D2_C0304	D2	C1
D2_C0305	D2	C1
D2_C0306	D2	C1
D2_C0307	D2	C1
D2_C0308	D2	C1
D2_C0309	D2	C1
D2_C0310	D2	C1
D2_C0311	D2	C1
D2_C0312	D2	C1
D2_C0313	D2	C1
D2_C0314	D2	C1
D2_C0315	D2	C1
D2_C0316	D2	C1
D2_C0317	D2	C1
D2_C0318	D2	C1
D2_C0319	D2	C1
D2_C0320	D2	C1
D2_C0321	D2	C1
D2_C0322	D2	C1
D2_C0323	D2	C1
D2_C0324	D2	C1
D2_C0325	D2	C1
D2_C0326	D2	C1
D2_C0327	D2	C1
D2_C0328	D2	C1
D2_C0329	D2	C1
D2_C0330	D2	C1
D2_C0331	D2	C1
D2_C0332	D2	C1
D2_C0333	D2	C1
D2_C0334	D2	C1
D2_C0335	D2	C1
D2_C0336	D2	C1
D2_C0337	D2	C1
D2_C0338	D2	C1
D2_C0339	D2	C1
D2_C0340	D2	C1
D2_C0341	D2	C1
D2_C0342	D2	C1
D2_C0343	D2	C1
D2_C0344	D2	C1
D2_C0345	D2	C1
D2_C0346	D2	C1
D2_C0347	D2	C1
D2_C0348	D2	C1
D2_C0349	D2	C1
D2_C0350	D2	C1
D2_C0351	D2	C1
D2_C0352	D2	C1
D2_C0353	D2	C1
D2_C0354	D2	C1
D2_C0355	D2	C1
D2_C0356	D2	C1
D2_C0357	D2	C1
D2_C0358	D2	C1
D2_C0359	D2	C1
D2_C0360	D2	C1
D2_C0361	D2	C1
D2_C0362	D2	C1
D2_C0363	D2	C1
D2_C0364	D2	C1
D2_C0365	D2	C1
D2_C0366	D2	C1
D2_C0367	D2	C1
D2_C0368	D2	C1
D2_C0369	D2	C1
D2_C0370	D2	C1
D2_C0371	D2	C1
D2_C0372	D2	C1
D2_C0373	D2	C1
D2_C0374	D2	C1
D2_C0375	D2	C1
D2_C0376	D2	C1
D2_C0377	D2	C1
D2_C0378	D2	C1
D2_C0379	D2	C1
D2_C0380	D2	C1
D2_C0381	D2	C1
D2_C0382	D2	C1
D2_C0383	D2	C1
D2_C0384	D2	C1
D2_C0385	D2	C1
D2_C0386	D2	C1
D2_C0387	D2	C1
D2_C0388	D2	C1
D2_C0389	D2	C1
D2_C0390	D2	C1
D2_C0391	D2	C1
D2_C0392	D2	C1
D2_C0393	D2	C1
D2_C0394	D2	C1
D2_C0395	D2	C1
D2_C0396	D2	C1
D2_C0397	D2	C1
D2_C0398	D2	C1
D2_C0399	D2	C1
D2_C0400	D2	C1
D2_C0401	D2	C1
D2_C0402	D2	C1
D2_C0403	D2	C1
D2_C0404	D2	C1
D2_C0405	D2	C1
D2_C0406	D2	C1
D2_C0407	D2	C1
D2_C0408	D2	C1
D2_C0409	D2	C1
D2_C0410	D2	C1
D2_C0411	D2	C1
D2_C0412	D2	C1
D2_C0413	D2	C1
D2_C0414	D2	C1
D2_C0415	D2	C1
D2_C0416	D2	C1
D2_C0417	D2	C1
D2_C0418	D2	C1
D2_C0419	D2	C1
D2_C0420	D2	C1
D2_C0421	D2	C1
D2_C0422	D2	C1
D2_C0423	D2	C1
D2_C0424	D2	C1
D2_C0425	D2	C1
D2_C0426	D2	C1
D2_C0427	D2	C1
D2_C0428	D2	C1
D2_C0429	D2	C1
D2_C0430	D2	C1
D2_C0431	D2	C1
D2_C0432	D2	C1
D2_C0433	D2	C1
D2_C0434	D2	C1
D2_C0435	D2	C1
D2_C0436	D2	C1
D2_C0437	D2	C1
D2_C0438	D2	C1
D2_C0439	D2	C1
D2_C0440	D2	C1
D2_C0441	D2	C1
D2_C0442	D2	C1
D2_C0443	D2	C1
D2_C0444	D2	C1
D2_C0445	D2	C1
D2_C0446	D2	C1
D2_C0447	D2	C1
D2_C0448	D2	C1
D2_C0449	D2	C1
D2_C0450	D2	C1
D2_C0451	D2	C1
D2_C0452	D2	C1
D2_C0453	D2	C1
D2_C0454	D2	C1
D2_C0455	D2	C1
D2_C0456	D2	C1
D2_C0457	D2	C1
D2_C0458	D2	C1
D2_C0459	D2	C1
D2_C0460	D2	C1
D2_C0461	D2	C1
D2_C0462	D2	C1
D2_C0463	D2	C1
D2_C0464	D2	C1
D2_C0465	D2	C1
D2_C0466	D2	C1
D2_C0467	D2	C1
D2_C0468	D2	C1
D2_C0469	D2	C1
D2_C0470	D2	C1
D2_C0471	D2	C1
D2_C0472	D2	C1
D2_C0473	D2	C1
D2_C0474	D2	C1
D2_C0475	D2	C1
D2_C0476	D2	C1
D2_C0477	D2	C1
D2_C0478	D2	C1
D2_C0479	D2	C1
D2_C0480	D2	C1
D2_C0481	D2	C1
D2_C0482	D2	C1
D2_C0483	D2	C1
D2_C0484	D2	C1
D2_C0485	D2	C1
D2_C0486	D2	C1
D2_C0487	D2	C1
D2_C0488	D2	C1
D2_C0489	D2	C1
D2_C0490	D2	C1
D2_C0491	D2	C1
D2_C0492	D2	C1
D2_C0493	D2	C1
D2_C0494	D2	C1
D2_C0495	D2	C1
D2_C0496	D2	C1
D2_C0497	D2	C1
D2_C0498	D2	C1
D2_C0499	D2	C1
D2_C0500	D2	C1
D2_C0501	D2	C1
D2_C0502	D2	C1
D2_C0503	D2	C1
D2_C0504	D2	C1
D2_C0505	D2	C1
D2_C0506	D2	C1
D2_C0507	D2	C1
D2_C0508	D2	C1
D2_C0509	D2	C1
D2_C0510	D2	C1
D2_C0511	D2	C1
D2_C0512	D2	C1
D2_C0513	D2	C1
D2_C0514	D2	C1
D2_C0515	D2	C1
D2_C0516	D2	C1
D2_C0517	D2	C1
D2_C0518	D2	C1
D2_C0519	D2	C1
D2_C0520	D2	C1
D2_C0521	D2	C1
D2_C0522	D2	C1
D2_C0523	D2	C1
D2_C0524	D2	C1
D2_C0525	D2	C1
D2_C0526	D2	C1
D2_C0527	D2	C1
D2_C0528	D2	C1
D2_C0529	D2	C1
D2_C0530	D2	C1
D2_C0531	D2	C1
D2_C0532	D2	C1
D2_C0533	D2	C1
D2_C0534	D2	C1
D2_C0535	D2	C1
D2_C0536	D2	C1
D2_C0537	D2	C1
D2_C0538	D2	C1
D2_C0539	D2	C1
D2_C0540	D2	C1
D2_C0541	D2	C1
D2_C0542	D2	C1
D2_C0543	D2	C1
D2_C0544	D2	C1
D2_C0545	D2	C1
D2_C0546	D2	C1
D2_C0547	D2	C1
D2_C0548	D2	C1
D2_C0549	D2	C1
D2_C0550	D2	C1
D2_C0551	D2	C1
D2_C0552	D2	C1
D2_C0553	D2	C1
D2_C0554	D2	C1
D2_C0555	D2	C1
D2_C0556	D2	C1
D2_C0557	D2	C1
D2_C0558	D2	C1
D2_C0559	D2	C1
D2_C0560	D2	C1
D2_C0561	D2	C1
D2_C0562	D2	C1
D2_C0563	D2	C1
D2_C0564	D2	C1
D2_C0565	D2	C1
D2_C0566	D2	C1
D2_C0567	D2	C1
D2_C0568	D2	C1
D2_C0569	D2	C1
D2_C0570	D2	C1
D2_C0571	D2	C1
D2_C0572	D2	C1
D2_C0573	D2	C1
D2_C0574	D2	C1
D2_C0575	D2	C1
D2_C0576	D2	C1
D2_C0577	D2	C1
D2_C0578	D2	C1
D2_C0579	D2	C1
D2_C0580	D2	C1
D2_C0581	D2	C1
D2_C0582	D2	C1
D2_C0583	D2	C1
D2_C0584	D2	C1
D2_C0585	D2	C1
D2_C0586	D2	C1
D2_C0587	D2	C1
D2_C0588	D2	C1
D2_C0589	D2	C1
D2_C0590	D2	C1
D2_C0591	D2	C1
D2_C0592	D2	C1
D2_C0593	D2	C1
D2_C0594	D2	C1
D2_C0595	D2	C1
D2_C0596	D2	C1
D2_C0597	D2	C1
D2_C0598	D2	C1
D2_C0599	D2	C1
D2_C0600	D2	C1
D2_C0601	D2	C1
D2_C0602	D2	C1
D2_C0603	D2	C1
D2_C0604	D2	C1
D2_C0605	D2	C1
D2_C0606	D2	C1
D2_C0607	D2	C1
D2_C0608	D2	C1
D2_C0609	D2	C1
D2_C0610	D2	C1
D2_C0611	D2	C1
D2_C0612	D2	C1
D2_C0613	D2	C1
D2_C0614	D2	C1
D2_C0615	D2	C1
D2_C0616	D2	C1
D2_C0617	D2	C1
D2_C0618	D2	C1
D2_C0619	D2	C1
D2_C0620	D2	C1
D2_C0621	D2	C1
D2_C0622	D2	C1
D2_C0623	D2	C1
D2_C0624	D2	C1
D2_C0625	D2	C1
D2_C0626	D2	C1
D2_C0627	D2	C1
D2_C0628	D2	C1
D2_C0629	D2	C1
D2_C0630	D2	C1
D2_C0631	D2	C1
D2_C0632	D2	C1
D2_C0633	D2	C1
D2_C0634	D2	C1
D2_C0635	D2	C1
D2_C0636	D2	C1
D2_C0637	D2	C1
D2_C0638	D2	C1
D2_C0639	D2	C1
D2_C0640	D2	C1
D2_C0641	D2	C1
D2_C0642	D2	C1
D2_C0643	D2	C1
D2_C0644	D2	C1
D2_C0645	D2	C1
D2_C0646	D2	C1
D2_C0647	D2	C1
D2_C0648	D2	C1
D2_C0649	D2	C1
D2_C0650	D2	C1
D2_C0651	D2	C1
D2_C0652	D2	C1
D2_C0653	D2	C1
D2_C0654	D2	C1
D2_C0655	D2	C1
D2_C0656	D2	C1
D2_C0657	D2	C1
D2_C0658	D2	C1
D2_C0659	D2	C1
D2_C0660	D2	C1
D2_C0661	D2	C1
D2_C0662	D2	C1
D2_C0663	D2	C1
D2_C0664	D2	C1
D2_C0665	D2	C1
D2_C0666	D2	C1
D2_C0667	D2	C1
D2_C0668	D2	C1
D2_C0669	D2	C1
D2_C0670	D2	C1
D2_C0671	D2	C1
D2_C0672	D2	C1
D2_C0673	D2	C1
D2_C0674	D2	C1
D2_C0675	D2	C1
D2_C0676	D2	C1
D2_C0677	D2	C1
D2_C0678	D2	C1
D2_C0679	D2	C1
D2_C0680	D2	C1
D2_C0681	D2	C1
D2_C0682	D2	C1
D2_C0683	D2	C1
D2_C0684	D2	C1
D2_C0685	D2	C1
D2_C0686	D2	C1
D2_C0687	D2	C1
D2_C0688	D2	C1
D2_C0689	D2	C1
D2_C0690	D2	C1
D2_C0691	D2	C1
D2_C0692	D2	C1
D2_C0693	D2	C1
D2_C0694	D2	C1
D2_C0695	D2	C1
D2_C0696	D2	C1
D2_C0697	D2	C1
D2_C0698	D2	C1
D2_C0699	D2	C1
D2_C0700	D2	C1
D2_C0701	D2	C1
D2_C0702	D2	C1
D2_C0703	D2	C1
D2_C0704	D2	C1
D2_C0705	D2	C1
D2_C0706	D2	C1
D2_C0707	D2	C1
D2_C0708	D2	C1
D2_C0709	D2	C1
D2_C0710	D2	C1
D2_C0711	D2	C1
D2_C0712	D2	C1
D2_C0713	D2	C1
D2_C0714	D2	C1
D2_C0715	D2	C1
D2_C0716	D2	C1
D2_C0717	D2	C1
D2_C0718	D2	C1
D2_C0719	D2	C1
D2_C0720	D2	C1
D2_C0721	D2	C2
D2_C0722	D2	C2
D2_C0723	D2	C2
D2_C0724	D2	C2
D2_C0725	D2	C2
D2_C0726	D2	C2
D2_C0727	D2	C2
D2_C0728	D2	C2
D2_C0729	D2	C2
D2_C0730	D2	C2
D2_C0731	D2	C2
D2_C0732	D2	C2
D2_C0733	D2	C2
D2_C0734	D2	C2
D2_C0735	D2	C2
D2_C0736	D2	C2
D2_C0737	D2	C2
D2_C0738	D2	C2
D2_C0739	D2	C2
D2_C0740	D2	C2
D2_C0741	D2	C2
D2_C0742	D2	C2
D2_C0743	D2	C2
D2_C0744	D2	C2
D2_C0745	D2	C2
D2_C0746	D2	C2
D2_C0747	D2	C2
D2_C0748	D2	C2
D2_C0749	D2	C2
D2_C0750	D2	C2
D2_C0751	D2	C2
D2_C0752	D2	C2
D2_C0753	D2	C2
D2_C0754	D2	C2
D2_C0755	D2	C2
D2_C0756	D2	C2
D2_C0757	D2	C2
D2_C0758	D2	C2
D2_C0759	D2	C2
D2_C0760	D2	C2
D2_C0761	D2	C2
D2_C0762	D2	C2
D2_C0763	D2	C2
D2_C0764	D2	C2
D2_C0765	D2	C2
D2_C0766	D2	C2
D2_C0767	D2	C2
D2_C0768	D2	C2
D2_C0769	D2	C2
D2_C0770	D2	C2
D2_C0771	D2	C2
D2_C0772	D2	C2
D2_C0773	D2	C2
D2_C0774	D2	C2
D2_C0775	D2	C2
D2_C0776	D2	C2
D2_C0777	D2	C2
D2_C0778	D2	C2
D2_C0779	D2	C2
D2_C0780	D2	C2
D2_C0781	D2	C2
D2_C0782	D2	C2
D2_C0783	D2	C2
D2_C0784	D2	C2
D2_C0785	D2	C2
D2_C0786	D2	C2
D2_C0787	D2	C2
D2_C0788	D2	C2
D2_C0789	D2	C2
D2_C0790	D2	C2
D2_C0791	D2	C2
D2_C0792	D2	C2
D2_C0793	D2	C2
D2_C0794	D2	C2
D2_C0795	D2	C2
D2_C0796	D2	C2
D2_C0797	D2	C2
D2_C0798	D2	C2
D2_C0799	D2	C2
D2_C0800	D2	C2
D2_C0801	D2	C2
D2_C0802	D2	C2
D2_C0803	D2	C2
D2_C0804	D2	C2
D2_C0805	D2	C2
D2_C0806	D2	C2
D2_C0807	D2	C2
D2_C0808	D2	C2
D2_C0809	D2	C2
D2_C0810	D2	C2
D2_C0811	D2	C2
D2_C0812	D2	C2
D2_C0813	D2	C2
D2_C0814	D2	C2
D2_C0815	D2	C2
D2_C0816	D2	C2
D2_C0817	D2	C2
D2_C0818	D2	C2
D2_C0819	D2	C2
D2_C0820	D2	C2
D2_C0821	D2	C2
D2_C0822	D2	C2
D2_C0823	D2	C2
D2_C0824	D2	C2
D2_C0825	D2	C2
D2_C0826	D2	C2
D2_C0827	D2	C2
D2_C0828	D2	C2
D2_C0829	D2	C2
D2_C0830	D2	C2
D2_C0831	D2	C2
D2_C0832	D2	C2
D2_C0833	D2	C2
D2_C0834	D2	C2
D2_C0835	D2	C2
D2_C0836	D2	C2
D2_C0837	D2	C2
D2_C0838	D2	C2
D2_C0839	D2	C2
D2_C0840	D2	C2
D2_C0841	D2	C2
D2_C0842	D2	C2
D2_C0843	D2	C2
D2_C0844	D2	C2
D2_C0845	D2	C2
D2_C0846	D2	C2
D2_C0847	D2	C2
D2_C0848	D2	C2
D2_C0849	D2	C2
D2_C0850	D2	C2
D2_C0851	D2	C2
D2_C0852	D2	C2
D2_C0853	D2	C2
D2_C0854	D2	C2
D2_C0855	D2	C2
D2_C0856	D2	C2
D2_C0857	D2	C2
D2_C0858	D2	C2
D2_C0859	D2	C2
D2_C0860	D2	C2
D2_C0861	D2	C2
D2_C0862	D2	C2
D2_C0863	D2	C2
D2_C0864	D2	C2
D2_C0865	D2	C2
D2_C0866	D2	C2
D2_C0867	D2	C2
D2_C0868	D2	C2
D2_C0869	D2	C2
D2_C0870	D2	C2
D2_C0871	D2	C2
D2_C0872	D2	C2
D2_C0873	D2	C2
D2_C0874	D2	C2
D2_C0875	D2	C2
D2_C0876	D2	C2
D2_C0877	D2	C2
D2_C0878	D2	C2
D2_C0879	D2	C2
D2_C0880	D2	C2
D2_C0881	D2	C2
D2_C0882	D2	C2
D2_C0883	D2	C2
D2_C0884	D2	C2
D2_C0885	D2	C2
D2_C0886	D2	C2
D2_C0887	D2	C2
D2_C0888	D2	C2
D2_C0889	D2	C2
D2_C0890	D2	C2
D2_C0891	D2	C2
D2_C0892	D2	C2
D2_C0893	D2	C2
D2_C0894	D2	C2
D2_C0895	D2	C2
D2_C0896	D2	C2
D2_C0897	D2	C2
D2_C0898	D2	C2
D2_C0899	D2	C2
D2_C0900	D2	C2
D3_C0001	D3	C1
D3_C0002	D3	C1
D3_C0003	D3	C1
D3_C0004	D3	C1
D3_C0005	D3	C1
D3_C0006	D3	C1
D3_C0007	D3	C1
D3_C0008	D3	C1
D3_C0009	D3	C1
D3_C0010	D3	C1
D3_C0011	D3	C1
D3_C0012	D3	C1
D3_C0013	D3	C1
D3_C0014	D3	C1
D3_C0015	D3	C1
D3_C0016	D3	C1
D3_C0017	D3	C1
D3_C0018	D3	C1
D3_C0019	D3	C1
D3_C0020	D3	C1
D3_C0021	D3	C1
D3_C0022	D3	C1
D3_C0023	D3	C1
D3_C0024	D3	C1
D3_C0025	D3	C1
D3_C0026	D3	C1
D3_C0027	D3	C1
D3_C0028	D3	C1
D3_C0029	D3	C1
D3_C0030	D3	C1
D3_C0031	D3	C1
D3_C0032	D3	C1
D3_C0033	D3	C1
D3_C0034	D3	C1
D3_C0035	D3	C1
D3_C0036	D3	C1
D3_C0037	D3	C1
D3_C0038	D3	C1
D3_C0039	D3	C1
D3_C0040	D3	C1
D3_C0041	D3	C1
D3_C0042	D3	C1
D3_C0043	D3	C1
D3_C0044	D3	C1
D3_C0045	D3	C1
D3_C0046	D3	C1
D3_C0047	D3	C1
D3_C0048	D3	C1
D3_C0049	D3	C1
D3_C0050	D3	C1
D3_C0051	D3	C1
D3_C0052	D3	C1
D3_C0053	D3	C1
D3_C0054	D3	C1
D3_C0055	D3	C1
D3_C0056	D3	C1
D3_C0057	D3	C1
D3_C0058	D3	C1
D3_C0059	D3	C1
D3_C0060	D3	C1
D3_C0061	D3	C1
D3_C0062	D3	C1
D3_C0063	D3	C1
D3_C0064	D3	C1
D3_C0065	D3	C1
D3_C0066	D3	C1
D3_C0067	D3	C1
D3_C0068	D3	C1
D3_C0069	D3	C1
D3_C0070	D3	C1
D3_C0071	D3	C1
D3_C0072	D3	C1
D3_C0073	D3	C1
D3_C0074	D3	C1
D3_C0075	D3	C1
D3_C0076	D3	C1
D3_C0077	D3	C1
D3_C0078	D3	C1
D3_C0079	D3	C1
D3_C0080	D3	C1
D3_C0081	D3	C2
D3_C0082	D3	C2
D3_C0083	D3	C2
D3_C0084	D3	C2
D3_C0085	D3	C2
D3_C0086	D3	C2
D3_C0087	D3	C2
D3_C0088	D3	C2
D3_C0089	D3	C2
D3_C0090	D3	C2
D3_C0091	D3	C2
D3_C0092	D3	C2
D3_C0093	D3	C2
D3_C0094	D3	C2
D3_C0095	D3	C2
D3_C0096	D3	C2
D3_C0097	D3	C2
D3_C0098	D3	C2
D3_C0099	D3	C2
D3_C0100	D3	C2
D4_C0001	D4	C1
D4_C0002	D4	C1
D4_C0003	D4	C1
D4_C0004	D4	C1
D4_C0005	D4	C1
D4_C0006	D4	C1
D4_C0007	D4	C1
D4_C0008	D4	C1
D4_C0009	D4	C1
D4_C0010	D4	C1
D4_C0011	D4	C1
D4_C0012	D4	C1
D4_C0013	D4	C1
D4_C0014	D4	C1
D4_C0015	D4	C1
D4_C0016	D4	C1
D4_C0017	D4	C1
D4_C0018	D4	C1
D4_C0019	D4	C1
D4_C0020	D4	C1
D4_C0021	D4	C1
D4_C0022	D4	C1
D4_C0023	D4	C1
D4_C0024	D4	C1
D4_C0025	D4	C1
D4_C0026	D4	C1
D4_C0027	D4	C1
D4_C0028	D4	C1
D4_C0029	D4	C1
D4_C0030	D4	C1
D4_C0031	D4	C1
D4_C0032	D4	C1
D4_C0033	D4	C1
D4_C0034	D4	C1
D4_C0035	D4	C1
D4_C0036	D4	C1
D4_C0037	D4	C1
D4_C0038	D4	C1
D4_C0039	D4	C1
D4_C0040	D4	C1
D4_C0041	D4	C1
D4_C0042	D4	C1
D4_C0043	D4	C1
D4_C0044	D4	C1
D4_C0045	D4	C1
D4_C0046	D4	C1
D4_C0047	D4	C1
D4_C0048	D4	C1
D4_C0049	D4	C1
D4_C0050	D4	C1
D4_C0051	D4	C1
D4_C0052	D4	C1
D4_C0053	D4	C1
D4_C0054	D4	C1
D4_C0055	D4	C1
D4_C0056	D4	C1
D4_C0057	D4	C1
D4_C0058	D4	C1
D4_C0059	D4	C1
D4_C0060	D4	C1
D4_C0061	D4	C1
D4_C0062	D4	C1
D4_C0063	D4	C1
D4_C0064	D4	C1
D4_C0065	D4	C1
D4_C0066	D4	C1
D4_C0067	D4	C1
D4_C0068	D4	C1
D4_C0069	D4	C1
D4_C0070	D4	C1
D4_C0071	D4	C1
D4_C0072	D4	C1
D4_C0073	D4	C1
D4_C0074	D4	C1
D4_C0075	D4	C1
D4_C0076	D4	C1
D4_C0077	D4	C1
D4_C0078	D4	C1
D4_C0079	D4	C1
D4_C0080	D4	C1
D4_C0081	D4	C1
D4_C0082	D4	C1
D4_C0083	D4	C1
D4_C0084	D4	C1
D4_C0085	D4	C1
D4_C0086	D4	C1
D4_C0087	D4	C1
D4_C0088	D4	C1
D4_C0089	D4	C1
D4_C0090	D4	C1
D4_C0091	D4	C1
D4_C0092	D4	C1
D4_C0093	D4	C1
D4_C0094	D4	C1
D4_C0095	D4	C1
D4_C0096	D4	C1
D4_C0097	D4	C1
D4_C0098	D4	C1
D4_C0099	D4	C1
D4_C0100	D4	C1
D4_C0101	D4	C1
D4_C0102	D4	C1
D4_C0103	D4	C1
D4_C0104	D4	C1
D4_C0105	D4	C1
D4_C0106	D4	C1
D4_C0107	D4	C1
D4_C0108	D4	C1
D4_C0109	D4	C1
D4_C0110	D4	C1
D4_C0111	D4	C1
D4_C0112	D4	C1
D4_C0113	D4	C1
D4_C0114	D4	C1
D4_C0115	D4	C1
D4_C0116	D4	C1
D4_C0117	D4	C1
D4_C0118	D4	C1
D4_C0119	D4	C1
D4_C0120	D4	C1
D4_C0121	D4	C1
D4_C0122	D4	C1
D4_C0123	D4	C1
D4_C0124	D4	C1
D4_C0125	D4	C1
D4_C0126	D4	C1
D4_C0127	D4	C1
D4_C0128	D4	C1
D4_C0129	D4	C1
D4_C0130	D4	C1
D4_C0131	D4	C1
D4_C0132	D4	C1
D4_C0133	D4	C1
D4_C0134	D4	C1
D4_C0135	D4	C1
D4_C0136	D4	C1
D4_C0137	D4	C1
D4_C0138	D4	C1
D4_C0139	D4	C1
D4_C0140	D4	C1
D4_C0141	D4	C1
D4_C0142	D4	C1
D4_C0143	D4	C1
D4_C0144	D4	C1
D4_C0145	D4	C1
D4_C0146	D4	C1
D4_C0147	D4	C1
D4_C0148	D4	C1
D4_C0149	D4	C1
D4_C0150	D4	C1
D4_C0151	D4	C1
D4_C0152	D4	C1
D4_C0153	D4	C1
D4_C0154	D4	C1
D4_C0155	D4	C1
D4_C0156	D4	C1
D4_C0157	D4	C1
D4_C0158	D4	C1
D4_C0159	D4	C1
D4_C0160	D4	C1
D4_C0161	D4	C1
D4_C0162	D4	C1
D4_C0163	D4	C1
D4_C0164	D4	C1
D4_C0165	D4	C1
D4_C0166	D4	C1
D4_C0167	D4	C1
D4_C0168	D4	C1
D4_C0169	D4	C1
D4_C0170	D4	C1
D4_C0171	D4	C1
D4_C0172	D4	C1
D4_C0173	D4	C1
D4_C0174	D4	C1
D4_C0175	D4	C1
D4_C0176	D4	C1
D4_C0177	D4	C1
D4_C0178	D4	C1
D4_C0179	D4	C1
D4_C0180	D4	C1
D4_C0181	D4	C2
D4_C0182	D4	C2
D4_C0183	D4	C2
D4_C0184	D4	C2
D4_C0185	D4	C2
D4_C0186	D4	C2
D4_C0187	D4	C2
D4_C0188	D4	C2
D4_C0189	D4	C2
D4_C0190	D4	C2
D4_C0191	D4	C2
D4_C0192	D4	C2
D4_C0193	D4	C2
D4_C0194	D4	C2
D4_C0195	D4	C2
D4_C0196	D4	C2
D4_C0197	D4	C2
D4_C0198	D4	C2
D4_C0199	D4	C2
D4_C0200	D4	C2
D4_C0201	D4	C2
D4_C0202	D4	C2
D4_C0203	D4	C2
D4_C0204	D4	C2
D4_C0205	D4	C2
D4_C0206	D4	C2
D4_C0207	D4	C2
D4_C0208	D4	C2
D4_C0209	D4	C2
D4_C0210	D4	C2
D4_C0211	D4	C2
D4_C0212	D4	C2
D4_C0213	D4	C2
D4_C0214	D4	C2
D4_C0215	D4	C2
D4_C0216	D4	C2
D4_C0217	D4	C2
D4_C0218	D4	C2
D4_C0219	D4	C2
D4_C0220	D4	C2
D4_C0221	D4	C2
D4_C0222	D4	C2
D4_C0223	D4	C2
D4_C0224	D4	C2
D4_C0225	D4	C2
D4_C0226	D4	C2
D4_C0227	D4	C2
D4_C0228	D4	C2
D4_C0229	D4	C2
D4_C0230	D4	C2
D4_C0231	D4	C2
D4_C0232	D4	C2
D4_C0233	D4	C2
D4_C0234	D4	C2
D4_C0235	D4	C2
D4_C0236	D4	C2
D4_C0237	D4	C2
D4_C0238	D4	C2
D4_C0239	D4	C2
D4_C0240	D4	C2
D4_C0241	D4	C2
D4_C0242	D4	C2
D4_C0243	D4	C2
D4_C0244	D4	C2
D4_C0245	D4	C2
D4_C0246	D4	C2
D4_C0247	D4	C2
D4_C0248	D4	C2
D4_C0249	D4	C2
D4_C0250	D4	C2
D4_C0251	D4	C2
D4_C0252	D4	C2
D4_C0253	D4	C2
D4_C0254	D4	C2
D4_C0255	D4	C2
D4_C0256	D4	C2
D4_C0257	D4	C2
D4_C0258	D4	C2
D4_C0259	D4	C2
D4_C0260	D4	C2
D4_C0261	D4	C2
D4_C0262	D4	C2
D4_C0263	D4	C2
D4_C0264	D4	C2
D4_C0265	D4	C2
D4_C0266	D4	C2
D4_C0267	D4	C2
D4_C0268	D4	C2
D4_C0269	D4	C2
D4_C0270	D4	C2
D4_C0271	D4	C2
D4_C0272	D4	C2
D4_C0273	D4	C2
D4_C0274	D4	C2
D4_C0275	D4	C2
D4_C0276	D4	C2
D4_C0277	D4	C2
D4_C0278	D4	C2
D4_C0279	D4	C2
D4_C0280	D4	C2
D4_C0281	D4	C2
D4_C0282	D4	C2
D4_C0283	D4	C2
D4_C0284	D4	C2
D4_C0285	D4	C2
D4_C0286	D4	C2
D4_C0287	D4	C2
D4_C0288	D4	C2
D4_C0289	D4	C2
D4_C0290	D4	C2
D4_C0291	D4	C2
D4_C0292	D4	C2
D4_C0293	D4	C2
D4_C0294	D4	C2
D4_C0295	D4	C2
D4_C0296	D4	C2
D4_C0297	D4	C2
D4_C0298	D4	C2
D4_C0299	D4	C2
D4_C0300	D4	C2
D4_C0301	D4	C2
D4_C0302	D4	C2
D4_C0303	D4	C2
D4_C0304	D4	C2
D4_C0305	D4	C2
D4_C0306	D4	C2
D4_C0307	D4	C2
D4_C0308	D4	C2
D4_C0309	D4	C2
D4_C0310	D4	C2
D4_C0311	D4	C2
D4_C0312	D4	C2
D4_C0313	D4	C2
D4_C0314	D4	C2
D4_C0315	D4	C2
D4_C0316	D4	C2
D4_C0317	D4	C2
D4_C0318	D4	C2
D4_C0319	D4	C2
D4_C0320	D4	C2
D4_C0321	D4	C2
D4_C0322	D4	C2
D4_C0323	D4	C2
D4_C0324	D4	C2
D4_C0325	D4	C2
D4_C0326	D4	C2
D4_C0327	D4	C2
D4_C0328	D4	C2
D4_C0329	D4	C2
D4_C0330	D4	C2
D4_C0331	D4	C2
D4_C0332	D4	C2
D4_C0333	D4	C2
D4_C0334	D4	C2
D4_C0335	D4	C2
D4_C0336	D4	C2
D4_C0337	D4	C2
D4_C0338	D4	C2
D4_C0339	D4	C2
D4_C0340	D4	C2
D4_C0341	D4	C2
D4_C0342	D4	C2
D4_C0343	D4	C2
D4_C0344	D4	C2
D4_C0345	D4	C2
D4_C0346	D4	C2
D4_C0347	D4	C2
D4_C0348	D4	C2
D4_C0349	D4	C2
D4_C0350	D4	C2
D4_C0351	D4	C2
D4_C0352	D4	C2
D4_C0353	D4	C2
D4_C0354	D4	C2
D4_C0355	D4	C2
D4_C0356	D4	C2
D4_C0357	D4	C2
D4_C0358	D4	C2
D4_C0359	D4	C2
D4_C0360	D4	C2
D4_C0361	D4	C2
D4_C0362	D4	C2
D4_C0363	D4	C2
D4_C0364	D4	C2
D4_C0365	D4	C2
D4_C0366	D4	C2
D4_C0367	D4	C2
D4_C0368	D4	C2
D4_C0369	D4	C2
D4_C0370	D4	C2
D4_C0371	D4	C2
D4_C0372	D4	C2
D4_C0373	D4	C2
D4_C0374	D4	C2
D4_C0375	D4	C2
D4_C0376	D4	C2
D4_C0377	D4	C2
D4_C0378	D4	C2
D4_C0379	D4	C2
D4_C0380	D4	C2
D4_C0381	D4	C2
D4_C0382	D4	C2
D4_C0383	D4	C2
D4_C0384	D4	C2
D4_C0385	D4	C2
D4_C0386	D4	C2
D4_C0387	D4	C2
D4_C0388	D4	C2
D4_C0389	D4	C2
D4_C0390	D4	C2
D4_C0391	D4	C2
D4_C0392	D4	C2
D4_C0393	D4	C2
D4_C0394	D4	C2
D4_C0395	D4	C2
D4_C0396	D4	C2
D4_C0397	D4	C2
D4_C0398	D4	C2
D4_C0399	D4	C2
D4_C0400	D4	C2
D4_C0401	D4	C2
D4_C0402	D4	C2
D4_C0403	D4	C2
D4_C0404	D4	C2
D4_C0405	D4	C2
D4_C0406	D4	C2
D4_C0407	D4	C2
D4_C0408	D4	C2
D4_C0409	D4	C2
D4_C0410	D4	C2
D4_C0411	D4	C2
D4_C0412	D4	C2
D4_C0413	D4	C2
D4_C0414	D4	C2
D4_C0415	D4	C2
D4_C0416	D4	C2
D4_C0417	D4	C2
D4_C0418	D4	C2
D4_C0419	D4	C2
D4_C0420	D4	C2
D4_C0421	D4	C2
D4_C0422	D4	C2
D4_C0423	D4	C2
D4_C0424	D4	C2
D4_C0425	D4	C2
D4_C0426	D4	C2
D4_C0427	D4	C2
D4_C0428	D4	C2
D4_C0429	D4	C2
D4_C0430	D4	C2
D4_C0431	D4	C2
D4_C0432	D4	C2
D4_C0433	D4	C2
D4_C0434	D4	C2
D4_C0435	D4	C2
D4_C0436	D4	C2
D4_C0437	D4	C2
D4_C0438	D4	C2
D4_C0439	D4	C2
D4_C0440	D4	C2
D4_C0441	D4	C2
D4_C0442	D4	C2
D4_C0443	D4	C2
D4_C0444	D4	C2
D4_C0445	D4	C2
D4_C0446	D4	C2
D4_C0447	D4	C2
D4_C0448	D4	C2
D4_C0449	D4	C2
D4_C0450	D4	C2
D4_C0451	D4	C2
D4_C0452	D4	C2
D4_C0453	D4	C2
D4_C0454	D4	C2
D4_C0455	D4	C2
D4_C0456	D4	C2
D4_C0457	D4	C2
D4_C0458	D4	C2
D4_C0459	D4	C2
D4_C0460	D4	C2
D4_C0461	D4	C2
D4_C0462	D4	C2
D4_C0463	D4	C2
D4_C0464	D4	C2
D4_C0465	D4	C2
D4_C0466	D4	C2
D4_C0467	D4	C2
D4_C0468	D4	C2
D4_C0469	D4	C2
D4_C0470	D4	C2
D4_C0471	D4	C2
D4_C0472	D4	C2
D4_C0473	D4	C2
D4_C0474	D4	C2
D4_C0475	D4	C2
D4_C0476	D4	C2
D4_C0477	D4	C2
D4_C0478	D4	C2
D4_C0479	D4	C2
D4_C0480	D4	C2
D4_C0481	D4	C2
D4_C0482	D4	C2
D4_C0483	D4	C2
D4_C0484	D4	C2
D4_C0485	D4	C2
D4_C0486	D4	C2
D4_C0487	D4	C2
D4_C0488	D4	C2
D4_C0489	D4	C2
D4_C0490	D4	C2
D4_C0491	D4	C2
D4_C0492	D4	C2
D4_C0493	D4	C2
D4_C0494	D4	C2
D4_C0495	D4	C2
D4_C0496	D4	C2
D4_C0497	D4	C2
D4_C0498	D4	C2
D4_C0499	D4	C2
D4_C0500	D4	C2
D4_C0501	D4	C2
D4_C0502	D4	C2
D4_C0503	D4	C2
D4_C0504	D4	C2
D4_C0505	D4	C2
D4_C0506	D4	C2
D4_C0507	D4	C2
D4_C0508	D4	C2
D4_C0509	D4	C2
D4_C0510	D4	C2
D4_C0511	D4	C2
D4_C0512	D4	C2
D4_C0513	D4	C2
D4_C0514	D4	C2
D4_C0515	D4	C2
D4_C0516	D4	C2
D4_C0517	D4	C2
D4_C0518	D4	C2
D4_C0519	D4	C2
D4_C0520	D4	C2
D4_C0521	D4	C2
D4_C0522	D4	C2
D4_C0523	D4	C2
D4_C0524	D4	C2
D4_C0525	D4	C2
D4_C0526	D4	C2
D4_C0527	D4	C2
D4_C0528	D4	C2
D4_C0529	D4	C2
D4_C0530	D4	C2
D4_C0531	D4	C2
D4_C0532	D4	C2
D4_C0533	D4	C2
D4_C0534	D4	C2
D4_C0535	D4	C2
D4_C0536	D4	C2
D4_C0537	D4	C2
D4_C0538	D4	C2
D4_C0539	D4	C2
D4_C0540	D4	C2
D4_C0541	D4	C2
D4_C0542	D4	C2
D4_C0543	D4	C2
D4_C0544	D4	C2
D4_C0545	D4	C2
D4_C0546	D4	C2
D4_C0547	D4	C2
D4_C0548	D4	C2
D4_C0549	D4	C2
D4_C0550	D4	C2
D4_C0551	D4	C2
D4_C0552	D4	C2
D4_C0553	D4	C2
D4_C0554	D4	C2
D4_C0555	D4	C2
D4_C0556	D4	C2
D4_C0557	D4	C2
D4_C0558	D4	C2
D4_C0559	D4	C2
D4_C0560	D4	C2
D4_C0561	D4	C2
D4_C0562	D4	C2
D4_C0563	D4	C2
D4_C0564	D4	C2
D4_C0565	D4	C2
D4_C0566	D4	C2
D4_C0567	D4	C2
D4_C0568	D4	C2
D4_C0569	D4	C2
D4_C0570	D4	C2
D4_C0571	D4	C2
D4_C0572	D4	C2
D4_C0573	D4	C2
D4_C0574	D4	C2
D4_C0575	D4	C2
D4_C0576	D4	C2
D4_C0577	D4	C2
D4_C0578	D4	C2
D4_C0579	D4	C2
D4_C0580	D4	C2
D4_C0581	D4	C2
D4_C0582	D4	C2
D4_C0583	D4	C2
D4_C0584	D4	C2
D4_C0585	D4	C2
D4_C0586	D4	C2
D4_C0587	D4	C2
D4_C0588	D4	C2
D4_C0589	D4	C2
D4_C0590	D4	C2
D4_C0591	D4	C2
D4_C0592	D4	C2
D4_C0593	D4	C2
D4_C0594	D4	C2
D4_C0595	D4	C2
D4_C0596	D4	C2
D4_C0597	D4	C2
D4_C0598	D4	C2
D4_C0599	D4	C2
D4_C0600	D4	C2
D4_C0601	D4	C2
D4_C0602	D4	C2
D4_C0603	D4	C2
D4_C0604	D4	C2
D4_C0605	D4	C2
D4_C0606	D4	C2
D4_C0607	D4	C2
D4_C0608	D4	C2
D4_C0609	D4	C2
D4_C0610	D4	C2
D4_C0611	D4	C2
D4_C0612	D4	C2
D4_C0613	D4	C2
D4_C0614	D4	C2
D4_C0615	D4	C2
D4_C0616	D4	C2
D4_C0617	D4	C2
D4_C0618	D4	C2
D4_C0619	D4	C2
D4_C0620	D4	C2
D4_C0621	D4	C2
D4_C0622	D4	C2
D4_C0623	D4	C2
D4_C0624	D4	C2
D4_C0625	D4	C2
D4_C0626	D4	C2
D4_C0627	D4	C2
D4_C0628	D4	C2
D4_C0629	D4	C2
D4_C0630	D4	C2
D4_C0631	D4	C2
D4_C0632	D4	C2
D4_C0633	D4	C2
D4_C0634	D4	C2
D4_C0635	D4	C2
D4_C0636	D4	C2
D4_C0637	D4	C2
D4_C0638	D4	C2
D4_C0639	D4	C2
D4_C0640	D4	C2
D4_C0641	D4	C2
D4_C0642	D4	C2
D4_C0643	D4	C2
D4_C0644	D4	C2
D4_C0645	D4	C2
D4_C0646	D4	C2
D4_C0647	D4	C2
D4_C0648	D4	C2
D4_C0649	D4	C2
D4_C0650	D4	C2
D4_C0651	D4	C2
D4_C0652	D4	C2
D4_C0653	D4	C2
D4_C0654	D4	C2
D4_C0655	D4	C2
D4_C0656	D4	C2
D4_C0657	D4	C2
D4_C0658	D4	C2
D4_C0659	D4	C2
D4_C0660	D4	C2
D4_C0661	D4	C2
D4_C0662	D4	C2
D4_C0663	D4	C2
D4_C0664	D4	C2
D4_C0665	D4	C2
D4_C0666	D4	C2
D4_C0667	D4	C2
D4_C0668	D4	C2
D4_C0669	D4	C2
D4_C0670	D4	C2
D4_C0671	D4	C2
D4_C0672	D4	C2
D4_C0673	D4	C2
D4_C0674	D4	C2
D4_C0675	D4	C2
D4_C0676	D4	C2
D4_C0677	D4	C2
D4_C0678	D4	C2
D4_C0679	D4	C2
D4_C0680	D4	C2
D4_C0681	D4	C2
D4_C0682	D4	C2
D4_C0683	D4	C2
D4_C0684	D4	C2
D4_C0685	D4	C2
D4_C0686	D4	C2
D4_C0687	D4	C2
D4_C0688	D4	C2
D4_C0689	D4	C2
D4_C0690	D4	C2
D4_C0691	D4	C2
D4_C0692	D4	C2
D4_C0693	D4	C2
D4_C0694	D4	C2
D4_C0695	D4	C2
D4_C0696	D4	C2
D4_C0697	D4	C2
D4_C0698	D4	C2
D4_C0699	D4	C2
D4_C0700	D4	C2
D4_C0701	D4	C2
D4_C0702	D4	C2
D4_C0703	D4	C2
D4_C0704	D4	C2
D4_C0705	D4	C2
D4_C0706	D4	C2
D4_C0707	D4	C2
D4_C0708	D4	C2
D4_C0709	D4	C2
D4_C0710	D4	C2
D4_C0711	D4	C2
D4_C0712	D4	C2
D4_C0713	D4	C2
D4_C0714	D4	C2
D4_C0715	D4	C2
D4_C0716	D4	C2
D4_C0717	D4	C2
D4_C0718	D4	C2
D4_C0719	D4	C2
D4_C0720	D4	C2
D4_C0721	D4	C2
D4_C0722	D4	C2
D4_C0723	D4	C2
D4_C0724	D4	C2
D4_C0725	D4	C2
D4_C0726	D4	C2
D4_C0727	D4	C2
D4_C0728	D4	C2
D4_C0729	D4	C2
D4_C0730	D4	C2
D4_C0731	D4	C2
D4_C0732	D4	C2
D4_C0733	D4	C2
D4_C0734	D4	C2
D4_C0735	D4	C2
D4_C0736	D4	C2
D4_C0737	D4	C2
D4_C0738	D4	C2
D4_C0739	D4	C2
D4_C0740	D4	C2
D4_C0741	D4	C2
D4_C0742	D4	C2
D4_C0743	D4	C2
D4_C0744	D4	C2
D4_C0745	D4	C2
D4_C0746	D4	C2
D4_C0747	D4	C2
D4_C0748	D4	C2
D4_C0749	D4	C2
D4_C0750	D4	C2
D4_C0751	D4	C2
D4_C0752	D4	C2
D4_C0753	D4	C2
D4_C0754	D4	C2
D4_C0755	D4	C2
D4_C0756	D4	C2
D4_C0757	D4	C2
D4_C0758	D4	C2
D4_C0759	D4	C2
D4_C0760	D4	C2
D4_C0761	D4	C2
D4_C0762	D4	C2
D4_C0763	D4	C2
D4_C0764	D4	C2
D4_C0765	D4	C2
D4_C0766	D4	C2
D4_C0767	D4	C2
D4_C0768	D4	C2
D4_C0769	D4	C2
D4_C0770	D4	C2
D4_C0771	D4	C2
D4_C0772	D4	C2
D4_C0773	D4	C2
D4_C0774	D4	C2
D4_C0775	D4	C2
D4_C0776	D4	C2
D4_C0777	D4	C2
D4_C0778	D4	C2
D4_C0779	D4	C2
D4_C0780	D4	C2
D4_C0781	D4	C2
D4_C0782	D4	C2
D4_C0783	D4	C2
D4_C0784	D4	C2
D4_C0785	D4	C2
D4_C0786	D4	C2
D4_C0787	D4	C2
D4_C0788	D4	C2
D4_C0789	D4	C2
D4_C0790	D4	C2
D4_C0791	D4	C2
D4_C0792	D4	C2
D4_C0793	D4	C2
D4_C0794	D4	C2
D4_C0795	D4	C2
D4_C0796	D4	C2
D4_C0797	D4	C2
D4_C0798	D4	C2
D4_C0799	D4	C2
D4_C0800	D4	C2
D4_C0801	D4	C2
D4_C0802	D4	C2
D4_C0803	D4	C2
D4_C0804	D4	C2
D4_C0805	D4	C2
D4_C0806	D4	C2
D4_C0807	D4	C2
D4_C0808	D4	C2
D4_C0809	D4	C2
D4_C0810	D4	C2
D4_C0811	D4	C2
D4_C0812	D4	C2
D4_C0813	D4	C2
D4_C0814	D4	C2
D4_C0815	D4	C2
D4_C0816	D4	C2
D4_C0817	D4	C2
D4_C0818	D4	C2
D4_C0819	D4	C2
D4_C0820	D4	C2
D4_C0821	D4	C2
D4_C0822	D4	C2
D4_C0823	D4	C2
D4_C0824	D4	C2
D4_C0825	D4	C2
D4_C0826	D4	C2
D4_C0827	D4	C2
D4_C0828	D4	C2
D4_C0829	D4	C2
D4_C0830	D4	C2
D4_C0831	D4	C2
D4_C0832	D4	C2
D4_C0833	D4	C2
D4_C0834	D4	C2
D4_C0835	D4	C2
D4_C0836	D4	C2
D4_C0837	D4	C2
D4_C0838	D4	C2
D4_C0839	D4	C2
D4_C0840	D4	C2
D4_C0841	D4	C2
D4_C0842	D4	C2
D4_C0843	D4	C2
D4_C0844	D4	C2
D4_C0845	D4	C2
D4_C0846	D4	C2
D4_C0847	D4	C2
D4_C0848	D4	C2
D4_C0849	D4	C2
D4_C0850	D4	C2
D4_C0851	D4	C2
D4_C0852	D4	C2
D4_C0853	D4	C2
D4_C0854	D4	C2
D4_C0855	D4	C2
D4_C0856	D4	C2
D4_C0857	D4	C2
D4_C0858	D4	C2
D4_C0859	D4	C2
D4_C0860	D4	C2
D4_C0861	D4	C2
D4_C0862	D4	C2
D4_C0863	D4	C2
D4_C0864	D4	C2
D4_C0865	D4	C2
D4_C0866	D4	C2
D4_C0867	D4	C2
D4_C0868	D4	C2
D4_C0869	D4	C2
D4_C0870	D4	C2
D4_C0871	D4	C2
D4_C0872	D4	C2
D4_C0873	D4	C2
D4_C0874	D4	C2
D4_C0875	D4	C2
D4_C0876	D4	C2
D4_C0877	D4	C2
D4_C0878	D4	C2
D4_C0879	D4	C2
D4_C0880	D4	C2
D4_C0881	D4	C2
D4_C0882	D4	C2
D4_C0883	D4	C2
D4_C0884	D4	C2
D4_C0885	D4	C2
D4_C0886	D4	C2
D4_C0887	D4	C2
D4_C0888	D4	C2
D4_C0889	D4	C2
D4_C0890	D4	C2
D4_C0891	D4	C2
D4_C0892	D4	C2
D4_C0893	D4	C2
D4_C0894	D4	C2
D4_C0895	D4	C2
D4_C0896	D4	C2
D4_C0897	D4	C2
D4_C0898	D4	C2
D4_C0899	D4	C2
D4_C0900	D4	C2
